{"default_view":{"name":"全网默认","parent":null},"Dianxin":{"name":"电信","parent":null},"Dianxin_Huabei":{"name":"电信_华北地区","parent":"Dianxin"},"Dianxin_Beijing":{"name":"电信_北京","parent":"Dianxin_Huabei"},"Dianxin_Tianjin":{"name":"电信_天津","parent":"Dianxin_Huabei"},"Dianxin_Hebei":{"name":"电信_河北","parent":"Dianxin_Huabei"},"Dianxin_Shanxi":{"name":"电信_山西","parent":"Dianxin_Huabei"},"Dianxin_Neimenggu":{"name":"电信_内蒙古","parent":"Dianxin_Huabei"},"Dianxin_Dongbei":{"name":"电信_东北地区","parent":"Dianxin"},"Dianxin_Liaoning":{"name":"电信_辽宁","parent":"Dianxin_Dongbei"},"Dianxin_Jilin":{"name":"电信_吉林","parent":"Dianxin_Dongbei"},"Dianxin_Heilongjiang":{"name":"电信_黑龙江","parent":"Dianxin_Dongbei"},"Dianxin_Xibei":{"name":"电信_西北地区","parent":"Dianxin"},"Dianxin_Shaanxi":{"name":"电信_陕西","parent":"Dianxin_Xibei"},"Dianxin_Gansu":{"name":"电信_甘肃","parent":"Dianxin_Xibei"},"Dianxin_Qinghai":{"name":"电信_青海","parent":"Dianxin_Xibei"},"Dianxin_Ningxia":{"name":"电信_宁夏","parent":"Dianxin_Xibei"},"Dianxin_Xinjiang":{"name":"电信_新疆","parent":"Dianxin_Xibei"},"Dianxin_Huazhong":{"name":"电信_华中地区","parent":"Dianxin"},"Dianxin_Henan":{"name":"电信_河南","parent":"Dianxin_Huazhong"},"Dianxin_Hubei":{"name":"电信_湖北","parent":"Dianxin_Huazhong"},"Dianxin_Hunan":{"name":"电信_湖南","parent":"Dianxin_Huazhong"},"Dianxin_Huadong":{"name":"电信_华东地区","parent":"Dianxin"},"Dianxin_Shanghai":{"name":"电信_上海","parent":"Dianxin_Huadong"},"Dianxin_Jiangsu":{"name":"电信_江苏","parent":"Dianxin_Huadong"},"Dianxin_Zhejiang":{"name":"电信_浙江","parent":"Dianxin_Huadong"},"Dianxin_Anhui":{"name":"电信_安徽","parent":"Dianxin_Huadong"},"Dianxin_Fujian":{"name":"电信_福建","parent":"Dianxin_Huadong"},"Dianxin_Jiangxi":{"name":"电信_江西","parent":"Dianxin_Huadong"},"Dianxin_Shandong":{"name":"电信_山东","parent":"Dianxin_Huadong"},"Dianxin_Huanan":{"name":"电信_华南地区","parent":"Dianxin"},"Dianxin_Guangdong":{"name":"电信_广东","parent":"Dianxin_Huanan"},"Dianxin_Hainan":{"name":"电信_海南","parent":"Dianxin_Huanan"},"Dianxin_Guangxi":{"name":"电信_广西","parent":"Dianxin_Huanan"},"Dianxin_Xinan":{"name":"电信_西南地区","parent":"Dianxin"},"Dianxin_Chongqing":{"name":"电信_重庆","parent":"Dianxin_Xinan"},"Dianxin_Sichuan":{"name":"电信_四川","parent":"Dianxin_Xinan"},"Dianxin_Guizhou":{"name":"电信_贵州","parent":"Dianxin_Xinan"},"Dianxin_Yunnan":{"name":"电信_云南","parent":"Dianxin_Xinan"},"Dianxin_Xizang":{"name":"电信_西藏","parent":"Dianxin_Xinan"},"Yidong":{"name":"移动","parent":null},"Yidong_Huabei":{"name":"移动_华北地区","parent":"Yidong"},"Yidong_Beijing":{"name":"移动_北京","parent":"Yidong_Huabei"},"Yidong_Tianjin":{"name":"移动_天津","parent":"Yidong_Huabei"},"Yidong_Hebei":{"name":"移动_河北","parent":"Yidong_Huabei"},"Yidong_Shanxi":{"name":"移动_山西","parent":"Yidong_Huabei"},"Yidong_Neimenggu":{"name":"移动_内蒙古","parent":"Yidong_Huabei"},"Yidong_Dongbei":{"name":"移动_东北地区","parent":"Yidong"},"Yidong_Liaoning":{"name":"移动_辽宁","parent":"Yidong_Dongbei"},"Yidong_Jilin":{"name":"移动_吉林","parent":"Yidong_Dongbei"},"Yidong_Heilongjiang":{"name":"移动_黑龙江","parent":"Yidong_Dongbei"},"Yidong_Xibei":{"name":"移动_西北地区","parent":"Yidong"},"Yidong_Shaanxi":{"name":"移动_陕西","parent":"Yidong_Xibei"},"Yidong_Gansu":{"name":"移动_甘肃","parent":"Yidong_Xibei"},"Yidong_Qinghai":{"name":"移动_青海","parent":"Yidong_Xibei"},"Yidong_Ningxia":{"name":"移动_宁夏","parent":"Yidong_Xibei"},"Yidong_Xinjiang":{"name":"移动_新疆","parent":"Yidong_Xibei"},"Yidong_Huazhong":{"name":"移动_华中地区","parent":"Yidong"},"Yidong_Henan":{"name":"移动_河南","parent":"Yidong_Huazhong"},"Yidong_Hubei":{"name":"移动_湖北","parent":"Yidong_Huazhong"},"Yidong_Hunan":{"name":"移动_湖南","parent":"Yidong_Huazhong"},"Yidong_Huadong":{"name":"移动_华东地区","parent":"Yidong"},"Yidong_Shanghai":{"name":"移动_上海","parent":"Yidong_Huadong"},"Yidong_Jiangsu":{"name":"移动_江苏","parent":"Yidong_Huadong"},"Yidong_Zhejiang":{"name":"移动_浙江","parent":"Yidong_Huadong"},"Yidong_Anhui":{"name":"移动_安徽","parent":"Yidong_Huadong"},"Yidong_Fujian":{"name":"移动_福建","parent":"Yidong_Huadong"},"Yidong_Jiangxi":{"name":"移动_江西","parent":"Yidong_Huadong"},"Yidong_Shandong":{"name":"移动_山东","parent":"Yidong_Huadong"},"Yidong_Huanan":{"name":"移动_华南地区","parent":"Yidong"},"Yidong_Guangdong":{"name":"移动_广东","parent":"Yidong_Huanan"},"Yidong_Hainan":{"name":"移动_海南","parent":"Yidong_Huanan"},"Yidong_Guangxi":{"name":"移动_广西","parent":"Yidong_Huanan"},"Yidong_Xinan":{"name":"移动_西南地区","parent":"Yidong"},"Yidong_Chongqing":{"name":"移动_重庆","parent":"Yidong_Xinan"},"Yidong_Sichuan":{"name":"移动_四川","parent":"Yidong_Xinan"},"Yidong_Guizhou":{"name":"移动_贵州","parent":"Yidong_Xinan"},"Yidong_Yunnan":{"name":"移动_云南","parent":"Yidong_Xinan"},"Yidong_Xizang":{"name":"移动_西藏","parent":"Yidong_Xinan"},"Liantong":{"name":"联通","parent":null},"Liantong_Huabei":{"name":"联通_华北地区","parent":"Liantong"},"Liantong_Beijing":{"name":"联通_北京","parent":"Liantong_Huabei"},"Liantong_Tianjin":{"name":"联通_天津","parent":"Liantong_Huabei"},"Liantong_Hebei":{"name":"联通_河北","parent":"Liantong_Huabei"},"Liantong_Shanxi":{"name":"联通_山西","parent":"Liantong_Huabei"},"Liantong_Neimenggu":{"name":"联通_内蒙古","parent":"Liantong_Huabei"},"Liantong_Dongbei":{"name":"联通_东北地区","parent":"Liantong"},"Liantong_Liaoning":{"name":"联通_辽宁","parent":"Liantong_Dongbei"},"Liantong_Jilin":{"name":"联通_吉林","parent":"Liantong_Dongbei"},"Liantong_Heilongjiang":{"name":"联通_黑龙江","parent":"Liantong_Dongbei"},"Liantong_Xibei":{"name":"联通_西北地区","parent":"Liantong"},"Liantong_Shaanxi":{"name":"联通_陕西","parent":"Liantong_Xibei"},"Liantong_Gansu":{"name":"联通_甘肃","parent":"Liantong_Xibei"},"Liantong_Qinghai":{"name":"联通_青海","parent":"Liantong_Xibei"},"Liantong_Ningxia":{"name":"联通_宁夏","parent":"Liantong_Xibei"},"Liantong_Xinjiang":{"name":"联通_新疆","parent":"Liantong_Xibei"},"Liantong_Huazhong":{"name":"联通_华中地区","parent":"Liantong"},"Liantong_Henan":{"name":"联通_河南","parent":"Liantong_Huazhong"},"Liantong_Hubei":{"name":"联通_湖北","parent":"Liantong_Huazhong"},"Liantong_Hunan":{"name":"联通_湖南","parent":"Liantong_Huazhong"},"Liantong_Huadong":{"name":"联通_华东地区","parent":"Liantong"},"Liantong_Shanghai":{"name":"联通_上海","parent":"Liantong_Huadong"},"Liantong_Jiangsu":{"name":"联通_江苏","parent":"Liantong_Huadong"},"Liantong_Zhejiang":{"name":"联通_浙江","parent":"Liantong_Huadong"},"Liantong_Anhui":{"name":"联通_安徽","parent":"Liantong_Huadong"},"Liantong_Fujian":{"name":"联通_福建","parent":"Liantong_Huadong"},"Liantong_Jiangxi":{"name":"联通_江西","parent":"Liantong_Huadong"},"Liantong_Shandong":{"name":"联通_山东","parent":"Liantong_Huadong"},"Liantong_Huanan":{"name":"联通_华南地区","parent":"Liantong"},"Liantong_Guangdong":{"name":"联通_广东","parent":"Liantong_Huanan"},"Liantong_Hainan":{"name":"联通_海南","parent":"Liantong_Huanan"},"Liantong_Guangxi":{"name":"联通_广西","parent":"Liantong_Huanan"},"Liantong_Xinan":{"name":"联通_西南地区","parent":"Liantong"},"Liantong_Chongqing":{"name":"联通_重庆","parent":"Liantong_Xinan"},"Liantong_Sichuan":{"name":"联通_四川","parent":"Liantong_Xinan"},"Liantong_Guizhou":{"name":"联通_贵州","parent":"Liantong_Xinan"},"Liantong_Yunnan":{"name":"联通_云南","parent":"Liantong_Xinan"},"Liantong_Xizang":{"name":"联通_西藏","parent":"Liantong_Xinan"},"Jiaoyuwang":{"name":"教育网","parent":null},"Tietong":{"name":"铁通","parent":null},"Pengboshi":{"name":"鹏博士","parent":null},"Pengboshi_Huabei":{"name":"鹏博士_华北地区","parent":"Pengboshi"},"Pengboshi_Beijing":{"name":"鹏博士_北京","parent":"Pengboshi_Huabei"},"Pengboshi_Tianjin":{"name":"鹏博士_天津","parent":"Pengboshi_Huabei"},"Pengboshi_Hebei":{"name":"鹏博士_河北","parent":"Pengboshi_Huabei"},"Pengboshi_Shanxi":{"name":"鹏博士_山西","parent":"Pengboshi_Huabei"},"Pengboshi_Neimenggu":{"name":"鹏博士_内蒙古","parent":"Pengboshi_Huabei"},"Pengboshi_Dongbei":{"name":"鹏博士_东北地区","parent":"Pengboshi"},"Pengboshi_Liaoning":{"name":"鹏博士_辽宁","parent":"Pengboshi_Dongbei"},"Pengboshi_Jilin":{"name":"鹏博士_吉林","parent":"Pengboshi_Dongbei"},"Pengboshi_Heilongjiang":{"name":"鹏博士_黑龙江","parent":"Pengboshi_Dongbei"},"Pengboshi_Xibei":{"name":"鹏博士_西北地区","parent":"Pengboshi"},"Pengboshi_Shaanxi":{"name":"鹏博士_陕西","parent":"Pengboshi_Xibei"},"Pengboshi_Gansu":{"name":"鹏博士_甘肃","parent":"Pengboshi_Xibei"},"Pengboshi_Qinghai":{"name":"鹏博士_青海","parent":"Pengboshi_Xibei"},"Pengboshi_Ningxia":{"name":"鹏博士_宁夏","parent":"Pengboshi_Xibei"},"Pengboshi_Xinjiang":{"name":"鹏博士_新疆","parent":"Pengboshi_Xibei"},"Pengboshi_Huazhong":{"name":"鹏博士_华中地区","parent":"Pengboshi"},"Pengboshi_Henan":{"name":"鹏博士_河南","parent":"Pengboshi_Huazhong"},"Pengboshi_Hubei":{"name":"鹏博士_湖北","parent":"Pengboshi_Huazhong"},"Pengboshi_Hunan":{"name":"鹏博士_湖南","parent":"Pengboshi_Huazhong"},"Pengboshi_Huadong":{"name":"鹏博士_华东地区","parent":"Pengboshi"},"Pengboshi_Shanghai":{"name":"鹏博士_上海","parent":"Pengboshi_Huadong"},"Pengboshi_Jiangsu":{"name":"鹏博士_江苏","parent":"Pengboshi_Huadong"},"Pengboshi_Zhejiang":{"name":"鹏博士_浙江","parent":"Pengboshi_Huadong"},"Pengboshi_Anhui":{"name":"鹏博士_安徽","parent":"Pengboshi_Huadong"},"Pengboshi_Fujian":{"name":"鹏博士_福建","parent":"Pengboshi_Huadong"},"Pengboshi_Jiangxi":{"name":"鹏博士_江西","parent":"Pengboshi_Huadong"},"Pengboshi_Shandong":{"name":"鹏博士_山东","parent":"Pengboshi_Huadong"},"Pengboshi_Huanan":{"name":"鹏博士_华南地区","parent":"Pengboshi"},"Pengboshi_Guangdong":{"name":"鹏博士_广东","parent":"Pengboshi_Huanan"},"Pengboshi_Hainan":{"name":"鹏博士_海南","parent":"Pengboshi_Huanan"},"Pengboshi_Guangxi":{"name":"鹏博士_广西","parent":"Pengboshi_Huanan"},"Pengboshi_Xinan":{"name":"鹏博士_西南地区","parent":"Pengboshi"},"Pengboshi_Chongqing":{"name":"鹏博士_重庆","parent":"Pengboshi_Xinan"},"Pengboshi_Sichuan":{"name":"鹏博士_四川","parent":"Pengboshi_Xinan"},"Pengboshi_Guizhou":{"name":"鹏博士_贵州","parent":"Pengboshi_Xinan"},"Pengboshi_Yunnan":{"name":"鹏博士_云南","parent":"Pengboshi_Xinan"},"Pengboshi_Xizang":{"name":"鹏博士_西藏","parent":"Pengboshi_Xinan"},"CN":{"name":"中国大陆","parent":null},"Huabei":{"name":"中国大陆_华北地区","parent":"CN"},"Beijing":{"name":"中国大陆_北京","parent":"Huabei"},"Tianjin":{"name":"中国大陆_天津","parent":"Huabei"},"Hebei":{"name":"中国大陆_河北","parent":"Huabei"},"Shanxi":{"name":"中国大陆_山西","parent":"Huabei"},"Neimenggu":{"name":"中国大陆_内蒙古","parent":"Huabei"},"Dongbei":{"name":"中国大陆_东北地区","parent":"CN"},"Liaoning":{"name":"中国大陆_辽宁","parent":"Dongbei"},"Jilin":{"name":"中国大陆_吉林","parent":"Dongbei"},"Heilongjiang":{"name":"中国大陆_黑龙江","parent":"Dongbei"},"Xibei":{"name":"中国大陆_西北地区","parent":"CN"},"Shaanxi":{"name":"中国大陆_陕西","parent":"Xibei"},"Gansu":{"name":"中国大陆_甘肃","parent":"Xibei"},"Qinghai":{"name":"中国大陆_青海","parent":"Xibei"},"Ningxia":{"name":"中国大陆_宁夏","parent":"Xibei"},"Xinjiang":{"name":"中国大陆_新疆","parent":"Xibei"},"Huazhong":{"name":"中国大陆_华中地区","parent":"CN"},"Henan":{"name":"中国大陆_河南","parent":"Huazhong"},"Hubei":{"name":"中国大陆_湖北","parent":"Huazhong"},"Hunan":{"name":"中国大陆_湖南","parent":"Huazhong"},"Huadong":{"name":"中国大陆_华东地区","parent":"CN"},"Shanghai":{"name":"中国大陆_上海","parent":"Huadong"},"Jiangsu":{"name":"中国大陆_江苏","parent":"Huadong"},"Zhejiang":{"name":"中国大陆_浙江","parent":"Huadong"},"Anhui":{"name":"中国大陆_安徽","parent":"Huadong"},"Fujian":{"name":"中国大陆_福建","parent":"Huadong"},"Jiangxi":{"name":"中国大陆_江西","parent":"Huadong"},"Shandong":{"name":"中国大陆_山东","parent":"Huadong"},"Huanan":{"name":"中国大陆_华南地区","parent":"CN"},"Guangdong":{"name":"中国大陆_广东","parent":"Huanan"},"Hainan":{"name":"中国大陆_海南","parent":"Huanan"},"Guangxi":{"name":"中国大陆_广西","parent":"Huanan"},"Xinan":{"name":"中国大陆_西南地区","parent":"CN"},"Chongqing":{"name":"中国大陆_重庆","parent":"Xinan"},"Sichuan":{"name":"中国大陆_四川","parent":"Xinan"},"Guizhou":{"name":"中国大陆_贵州","parent":"Xinan"},"Yunnan":{"name":"中国大陆_云南","parent":"Xinan"},"Xizang":{"name":"中国大陆_西藏","parent":"Xinan"},"Abroad":{"name":"全球","parent":null},"AP":{"name":"全球_亚太地区","parent":"Abroad"},"TW":{"name":"全球_中国台湾","parent":"AP"},"HK":{"name":"全球_中国香港","parent":"AP"},"MO":{"name":"全球_中国澳门","parent":"AP"},"JP":{"name":"全球_日本","parent":"AP"},"KR":{"name":"全球_韩国","parent":"AP"},"IN":{"name":"全球_印度","parent":"AP"},"TR":{"name":"全球_土耳其","parent":"AP"},"ID":{"name":"全球_印度尼西亚","parent":"AP"},"VN":{"name":"全球_越南","parent":"AP"},"SG":{"name":"全球_新加坡","parent":"AP"},"TH":{"name":"全球_泰国","parent":"AP"},"MY":{"name":"全球_马来西亚","parent":"AP"},"BD":{"name":"全球_孟加拉","parent":"AP"},"AE":{"name":"全球_阿联酋","parent":"AP"},"AM":{"name":"全球_亚美尼亚","parent":"AP"},"AZ":{"name":"全球_阿塞拜疆","parent":"AP"},"BH":{"name":"全球_巴林","parent":"AP"},"BN":{"name":"全球_文莱","parent":"AP"},"BT":{"name":"全球_不丹","parent":"AP"},"CX":{"name":"全球_圣诞岛","parent":"AP"},"GE":{"name":"全球_格鲁吉亚","parent":"AP"},"IQ":{"name":"全球_伊拉克","parent":"AP"},"JO":{"name":"全球_约旦","parent":"AP"},"KG":{"name":"全球_吉尔吉斯斯坦","parent":"AP"},"KH":{"name":"全球_柬埔寨","parent":"AP"},"KW":{"name":"全球_科威特","parent":"AP"},"KZ":{"name":"全球_哈萨克斯坦","parent":"AP"},"LB":{"name":"全球_黎巴嫩","parent":"AP"},"LK":{"name":"全球_斯里兰卡","parent":"AP"},"MM":{"name":"全球_缅甸","parent":"AP"},"MN":{"name":"全球_蒙古","parent":"AP"},"MV":{"name":"全球_马尔代夫","parent":"AP"},"NP":{"name":"全球_尼泊尔","parent":"AP"},"OM":{"name":"全球_阿曼","parent":"AP"},"PH":{"name":"全球_菲律宾","parent":"AP"},"PK":{"name":"全球_巴基斯坦","parent":"AP"},"PS":{"name":"全球_巴勒斯坦","parent":"AP"},"QA":{"name":"全球_卡塔尔","parent":"AP"},"SA":{"name":"全球_沙特阿拉伯","parent":"AP"},"TJ":{"name":"全球_塔吉克斯坦","parent":"AP"},"TL":{"name":"全球_东帝汶","parent":"AP"},"TM":{"name":"全球_土库曼斯坦","parent":"AP"},"UZ":{"name":"全球_乌兹别克斯坦","parent":"AP"},"YE":{"name":"全球_也门","parent":"AP"},"CY":{"name":"全球_塞浦路斯","parent":"AP"},"IL":{"name":"全球_以色列","parent":"AP"},"AS":{"name":"全球_美属萨摩亚","parent":"AP"},"CK":{"name":"全球_库克群岛","parent":"AP"},"FM":{"name":"全球_密克罗尼西亚","parent":"AP"},"GU":{"name":"全球_关岛","parent":"AP"},"KI":{"name":"全球_基里巴斯","parent":"AP"},"MH":{"name":"全球_马绍尔群岛","parent":"AP"},"MP":{"name":"全球_北马里亚纳群岛","parent":"AP"},"NC":{"name":"全球_新喀里多尼亚","parent":"AP"},"NF":{"name":"全球_诺福克岛","parent":"AP"},"NR":{"name":"全球_瑙鲁","parent":"AP"},"PF":{"name":"全球_法属波利尼西亚","parent":"AP"},"PG":{"name":"全球_巴布亚新几内亚","parent":"AP"},"PW":{"name":"全球_帕劳","parent":"AP"},"SB":{"name":"全球_所罗门群岛","parent":"AP"},"TK":{"name":"全球_托克劳群岛","parent":"AP"},"TO":{"name":"全球_汤加","parent":"AP"},"TV":{"name":"全球_图瓦卢","parent":"AP"},"VU":{"name":"全球_瓦努阿图","parent":"AP"},"WS":{"name":"全球_萨摩亚","parent":"AP"},"AFG":{"name":"全球_阿富汗","parent":"AP"},"LAO":{"name":"全球_老挝","parent":"AP"},"IR":{"name":"全球_伊朗","parent":"AP"},"SY":{"name":"全球_叙利亚","parent":"AP"},"OA":{"name":"全球_大洋洲","parent":"Abroad"},"AU":{"name":"全球_澳大利亚","parent":"OA"},"NZ":{"name":"全球_新西兰","parent":"OA"},"WF":{"name":"全球_瓦利斯和富图纳","parent":"OA"},"FJ":{"name":"全球_斐济群岛","parent":"OA"},"NU":{"name":"全球_纽埃","parent":"OA"},"EU":{"name":"全球_欧洲","parent":"Abroad"},"GB":{"name":"全球_英国","parent":"EU"},"DE":{"name":"全球_德国","parent":"EU"},"FR":{"name":"全球_法国","parent":"EU"},"IT":{"name":"全球_意大利","parent":"EU"},"RU":{"name":"全球_俄罗斯","parent":"EU"},"ES":{"name":"全球_西班牙","parent":"EU"},"UA":{"name":"全球_乌克兰","parent":"EU"},"NL":{"name":"全球_荷兰","parent":"EU"},"SE":{"name":"全球_瑞典","parent":"EU"},"PL":{"name":"全球_波兰","parent":"EU"},"IO":{"name":"全球_英属印度洋领地","parent":"EU"},"BY":{"name":"全球_白俄罗斯","parent":"EU"},"AD":{"name":"全球_安道尔","parent":"EU"},"AL":{"name":"全球_阿尔巴尼亚","parent":"EU"},"AT":{"name":"全球_奥地利","parent":"EU"},"AX":{"name":"全球_奥兰群岛","parent":"EU"},"BE":{"name":"全球_比利时","parent":"EU"},"BG":{"name":"全球_保加利亚","parent":"EU"},"CH":{"name":"全球_瑞士","parent":"EU"},"CZ":{"name":"全球_捷克","parent":"EU"},"DK":{"name":"全球_丹麦","parent":"EU"},"EE":{"name":"全球_爱沙尼亚","parent":"EU"},"FI":{"name":"全球_芬兰","parent":"EU"},"FO":{"name":"全球_法罗群岛","parent":"EU"},"GG":{"name":"全球_根西岛","parent":"EU"},"GI":{"name":"全球_直布罗陀","parent":"EU"},"GR":{"name":"全球_希腊","parent":"EU"},"HR":{"name":"全球_克罗地亚","parent":"EU"},"HU":{"name":"全球_匈牙利","parent":"EU"},"IE":{"name":"全球_爱尔兰","parent":"EU"},"IM":{"name":"全球_马恩岛","parent":"EU"},"IS":{"name":"全球_冰岛","parent":"EU"},"JE":{"name":"全球_泽西岛","parent":"EU"},"LI":{"name":"全球_列支敦士登","parent":"EU"},"LT":{"name":"全球_立陶宛","parent":"EU"},"LU":{"name":"全球_卢森堡","parent":"EU"},"LV":{"name":"全球_拉脱维亚","parent":"EU"},"MC":{"name":"全球_摩纳哥","parent":"EU"},"MD":{"name":"全球_摩尔多瓦","parent":"EU"},"ME":{"name":"全球_黑山","parent":"EU"},"MK":{"name":"全球_北马其顿","parent":"EU"},"MT":{"name":"全球_马耳他","parent":"EU"},"NO":{"name":"全球_挪威","parent":"EU"},"PT":{"name":"全球_葡萄牙","parent":"EU"},"RO":{"name":"全球_罗马尼亚","parent":"EU"},"RS":{"name":"全球_塞尔维亚","parent":"EU"},"SI":{"name":"全球_斯洛文尼亚","parent":"EU"},"SK":{"name":"全球_斯洛伐克","parent":"EU"},"SM":{"name":"全球_圣马力诺","parent":"EU"},"VA":{"name":"全球_梵蒂冈","parent":"EU"},"XK":{"name":"全球_科索沃","parent":"EU"},"SJ":{"name":"全球_斯瓦尔巴群岛和扬马延岛","parent":"EU"},"BQ":{"name":"全球_荷兰加勒比","parent":"EU"},"NA":{"name":"全球_北美洲","parent":"Abroad"},"US":{"name":"全球_美国","parent":"NA"},"CA":{"name":"全球_加拿大","parent":"NA"},"MX":{"name":"全球_墨西哥","parent":"NA"},"AG":{"name":"全球_安提瓜和巴布达","parent":"NA"},"BB":{"name":"全球_巴巴多斯","parent":"NA"},"BS":{"name":"全球_巴哈马","parent":"NA"},"BZ":{"name":"全球_伯利兹","parent":"NA"},"CR":{"name":"全球_哥斯达黎加","parent":"NA"},"DM":{"name":"全球_多米尼克","parent":"NA"},"DO":{"name":"全球_多米尼加","parent":"NA"},"GD":{"name":"全球_格林纳达","parent":"NA"},"GT":{"name":"全球_危地马拉","parent":"NA"},"HN":{"name":"全球_洪都拉斯","parent":"NA"},"HT":{"name":"全球_海地","parent":"NA"},"JM":{"name":"全球_牙买加","parent":"NA"},"KN":{"name":"全球_圣基茨和尼维斯","parent":"NA"},"KY":{"name":"全球_开曼群岛","parent":"NA"},"LC":{"name":"全球_圣卢西亚","parent":"NA"},"NI":{"name":"全球_尼加拉瓜","parent":"NA"},"PA":{"name":"全球_巴拿马","parent":"NA"},"PR":{"name":"全球_波多黎各","parent":"NA"},"SV":{"name":"全球_萨尔瓦多","parent":"NA"},"TC":{"name":"全球_特克斯和凯科斯群岛","parent":"NA"},"TT":{"name":"全球_特立尼达和多巴哥","parent":"NA"},"VG":{"name":"全球_英属维尔京群岛","parent":"NA"},"VI":{"name":"全球_美属维尔京群岛","parent":"NA"},"VC":{"name":"全球_圣文森特和格林纳丁斯","parent":"NA"},"MF":{"name":"全球_法属圣马丁","parent":"NA"},"PM":{"name":"全球_圣皮艾尔和密克隆群岛","parent":"NA"},"CU":{"name":"全球_古巴","parent":"NA"},"GL":{"name":"全球_格陵兰岛","parent":"NA"},"MQ":{"name":"全球_法属马提尼克群岛-马提尼克","parent":"NA"},"SX":{"name":"全球_荷属圣马丁","parent":"NA"},"LA":{"name":"全球_南美洲","parent":"Abroad"},"BR":{"name":"全球_巴西","parent":"LA"},"AR":{"name":"全球_阿根廷","parent":"LA"},"AI":{"name":"全球_安圭拉","parent":"LA"},"AW":{"name":"全球_阿鲁巴","parent":"LA"},"BL":{"name":"全球_圣巴泰勒米岛","parent":"LA"},"BM":{"name":"全球_百慕大","parent":"LA"},"GP":{"name":"全球_瓜德罗普","parent":"LA"},"MS":{"name":"全球_蒙特塞拉特岛","parent":"LA"},"BO":{"name":"全球_玻利维亚","parent":"LA"},"CL":{"name":"全球_智利","parent":"LA"},"CO":{"name":"全球_哥伦比亚","parent":"LA"},"CW":{"name":"全球_库拉索","parent":"LA"},"EC":{"name":"全球_厄瓜多尔","parent":"LA"},"GF":{"name":"全球_法属圭亚那","parent":"LA"},"GY":{"name":"全球_圭亚那","parent":"LA"},"PE":{"name":"全球_秘鲁","parent":"LA"},"PY":{"name":"全球_巴拉圭","parent":"LA"},"SR":{"name":"全球_苏里南","parent":"LA"},"UY":{"name":"全球_乌拉圭","parent":"LA"},"VE":{"name":"全球_委内瑞拉","parent":"LA"},"AF":{"name":"全球_非洲","parent":"Abroad"},"ZA":{"name":"全球_南非","parent":"AF"},"EG":{"name":"全球_埃及","parent":"AF"},"AO":{"name":"全球_安哥拉","parent":"AF"},"BF":{"name":"全球_布基纳法索","parent":"AF"},"BI":{"name":"全球_布隆迪","parent":"AF"},"BJ":{"name":"全球_贝宁","parent":"AF"},"BW":{"name":"全球_博茨瓦纳","parent":"AF"},"CD":{"name":"全球_刚果金","parent":"AF"},"CF":{"name":"全球_中非","parent":"AF"},"CG":{"name":"全球_刚果布","parent":"AF"},"CI":{"name":"全球_科特迪瓦","parent":"AF"},"CM":{"name":"全球_喀麦隆","parent":"AF"},"CV":{"name":"全球_佛得角","parent":"AF"},"DJ":{"name":"全球_吉布提","parent":"AF"},"DZ":{"name":"全球_阿尔及利亚","parent":"AF"},"ER":{"name":"全球_厄立特里亚","parent":"AF"},"ET":{"name":"全球_埃塞俄比亚","parent":"AF"},"GA":{"name":"全球_加蓬","parent":"AF"},"GH":{"name":"全球_加纳","parent":"AF"},"GM":{"name":"全球_冈比亚","parent":"AF"},"GN":{"name":"全球_几内亚","parent":"AF"},"GQ":{"name":"全球_赤道几内亚","parent":"AF"},"GW":{"name":"全球_几内亚比绍","parent":"AF"},"KE":{"name":"全球_肯尼亚","parent":"AF"},"KM":{"name":"全球_科摩罗","parent":"AF"},"LR":{"name":"全球_利比里亚","parent":"AF"},"LS":{"name":"全球_莱索托","parent":"AF"},"LY":{"name":"全球_利比亚","parent":"AF"},"MA":{"name":"全球_摩洛哥","parent":"AF"},"MG":{"name":"全球_马达加斯加","parent":"AF"},"ML":{"name":"全球_马里","parent":"AF"},"MR":{"name":"全球_毛里塔尼亚","parent":"AF"},"MU":{"name":"全球_毛里求斯","parent":"AF"},"MW":{"name":"全球_马拉维","parent":"AF"},"MZ":{"name":"全球_莫桑比克","parent":"AF"},"NE":{"name":"全球_尼日尔","parent":"AF"},"NG":{"name":"全球_尼日利亚","parent":"AF"},"RE":{"name":"全球_留尼汪","parent":"AF"},"RW":{"name":"全球_卢旺达","parent":"AF"},"SC":{"name":"全球_塞舌尔","parent":"AF"},"SL":{"name":"全球_塞拉利昂","parent":"AF"},"SN":{"name":"全球_塞内加尔","parent":"AF"},"SO":{"name":"全球_索马里","parent":"AF"},"SS":{"name":"全球_南苏丹","parent":"AF"},"ST":{"name":"全球_圣多美和普林西比","parent":"AF"},"SZ":{"name":"全球_斯威士兰","parent":"AF"},"TD":{"name":"全球_乍得","parent":"AF"},"TG":{"name":"全球_多哥","parent":"AF"},"TN":{"name":"全球_突尼斯","parent":"AF"},"TZ":{"name":"全球_坦桑尼亚","parent":"AF"},"UG":{"name":"全球_乌干达","parent":"AF"},"YT":{"name":"全球_马约特","parent":"AF"},"ZM":{"name":"全球_赞比亚","parent":"AF"},"ZW":{"name":"全球_津巴布韦","parent":"AF"},"NAM":{"name":"全球_纳米比亚","parent":"AF"},"SD":{"name":"全球_苏丹","parent":"AF"},"AQ":{"name":"全球_南极洲","parent":"AQ"}}